{
    "cpu": {
        "sys_max_usage": 26.3,
        "sys_min_usage": 11.0,
        "sys_average_usage": 24.473684210526315,
        "proc_max_usage": 102.4,
        "proc_min_usage": 42.6,
        "proc_average_usage": 97.11052631578947,
        "recording_interval": 0.5,
        "sys_usage": [
            25.1,
            25.0,
            25.3,
            25.4,
            25.0,
            25.5,
            25.0,
            25.0,
            25.6,
            25.1,
            25.0,
            25.3,
            25.0,
            25.2,
            24.9,
            25.3,
            25.0,
            26.3,
            11.0
        ],
        "proc_usage": [
            99.7,
            101.6,
            100.6,
            99.7,
            100.6,
            99.7,
            101.6,
            99.7,
            98.7,
            100.6,
            100.6,
            102.4,
            96.0,
            102.4,
            99.6,
            99.6,
            99.7,
            99.7,
            42.6
        ],
        "core_count": 4,
        "meaning": {
            "proc": "Stands for process, the process in which the program is running ",
            "sys": "Stands for system, the whole system",
            "recording_interval": "Time in second between CPU usage record"
        }
    },
    "elapsed_seconds": 9.961534449001192,
    "description": "Cpu bound execution with asyncio"
}