{
    "cpu": {
        "sys_max_usage": 29.0,
        "sys_min_usage": 17.6,
        "sys_average_usage": 25.04736842105263,
        "proc_max_usage": 104.4,
        "proc_min_usage": 69.2,
        "proc_average_usage": 98.3736842105263,
        "recording_interval": 0.5,
        "sys_usage": [
            25.7,
            25.0,
            25.0,
            25.1,
            29.0,
            25.9,
            25.0,
            26.6,
            25.2,
            24.9,
            25.0,
            25.2,
            24.8,
            25.7,
            24.8,
            25.3,
            25.0,
            25.1,
            17.6
        ],
        "proc_usage": [
            99.6,
            100.6,
            100.6,
            98.7,
            99.7,
            100.7,
            98.8,
            98.7,
            102.6,
            99.7,
            99.7,
            104.4,
            98.7,
            97.8,
            100.6,
            99.7,
            101.5,
            97.8,
            69.2
        ],
        "core_count": 4,
        "meaning": {
            "proc": "Stands for process, the process in which the program is running ",
            "sys": "Stands for system, the whole system",
            "recording_interval": "Time in second between CPU usage record"
        }
    },
    "elapsed_seconds": 10.083763632999762,
    "description": "Cpu bound execution in traditional sync mode"
}