{
    "cpu": {
        "sys_max_usage": 26.1,
        "sys_min_usage": 19.3,
        "sys_average_usage": 24.978947368421053,
        "proc_max_usage": 102.6,
        "proc_min_usage": 69.0,
        "proc_average_usage": 98.3578947368421,
        "recording_interval": 0.5,
        "sys_usage": [
            26.1,
            24.9,
            25.7,
            24.8,
            25.4,
            25.4,
            25.4,
            25.1,
            25.2,
            25.2,
            25.3,
            25.2,
            25.8,
            25.0,
            25.3,
            25.2,
            25.2,
            25.1,
            19.3
        ],
        "proc_usage": [
            95.9,
            100.6,
            102.5,
            100.7,
            98.8,
            98.8,
            102.6,
            99.6,
            100.6,
            100.5,
            97.8,
            101.6,
            100.5,
            99.6,
            99.6,
            97.8,
            100.7,
            101.6,
            69.0
        ],
        "core_count": 4,
        "meaning": {
            "proc": "Stands for process, the process in which the program is running ",
            "sys": "Stands for system, the whole system",
            "recording_interval": "Time in second between CPU usage record"
        }
    },
    "elapsed_seconds": 10.07280411299871,
    "description": "Cpu bound execution in traditional sync mode"
}